{
"days": {
"2026-07-15": {
"total_usd": 16232619.881870098,
"block_usd": 0.0,
"large_usd": 4038122.266390001,
"n_trades": 360000,
"n_block": 0,
"n_large": 1671,
"sample_min": 90.65961186666667
}
},
"threshold": 1000.0
}